id_station;ligne;type
1913;1 (La D‚fense/Chƒteau de Vincennes);metro
1986;1 (La D‚fense/Chƒteau de Vincennes);metro
1846;1 (La D‚fense/Chƒteau de Vincennes);metro
1855;1 (La D‚fense/Chƒteau de Vincennes);metro
1774;1 (La D‚fense/Chƒteau de Vincennes);metro
1839;1 (La D‚fense/Chƒteau de Vincennes);metro
1662;1 (La D‚fense/Chƒteau de Vincennes);metro
1953;1 (La D‚fense/Chƒteau de Vincennes);metro
1640;1 (La D‚fense/Chƒteau de Vincennes);metro
1938;1 (La D‚fense/Chƒteau de Vincennes);metro
1709;1 (La D‚fense/Chƒteau de Vincennes);metro
1695;1 (La D‚fense/Chƒteau de Vincennes);metro
1802;1 (La D‚fense/Chƒteau de Vincennes);metro
1850;1 (La D‚fense/Chƒteau de Vincennes);metro
1809;1 (La D‚fense/Chƒteau de Vincennes);metro
1716;1 (La D‚fense/Chƒteau de Vincennes);metro
1758;1 (La D‚fense/Chƒteau de Vincennes);metro
1733;1 (La D‚fense/Chƒteau de Vincennes);metro
1690;1 (La D‚fense/Chƒteau de Vincennes);metro
1949;1 (La D‚fense/Chƒteau de Vincennes);metro
2000;1 (La D‚fense/Chƒteau de Vincennes);metro
1924;1 (La D‚fense/Chƒteau de Vincennes);metro
1962;1 (La D‚fense/Chƒteau de Vincennes);metro
1964;1 (La D‚fense/Chƒteau de Vincennes);metro
1885;1 (La D‚fense/Chƒteau de Vincennes);metro
1862;10 (Gare d'Austerlitz/Boulogne - Pont de Saint Cloud);metro
1866;10 (Gare d'Austerlitz/Boulogne - Pont de Saint Cloud);metro
1632;10 (Gare d'Austerlitz/Boulogne - Pont de Saint Cloud);metro
2018;10 (Gare d'Austerlitz/Boulogne - Pont de Saint Cloud);metro
1770;10 (Gare d'Austerlitz/Boulogne - Pont de Saint Cloud);metro
1908;10 (Gare d'Austerlitz/Boulogne - Pont de Saint Cloud);metro
1838;10 (Gare d'Austerlitz/Boulogne - Pont de Saint Cloud);metro
1874;10 (Gare d'Austerlitz/Boulogne - Pont de Saint Cloud);metro
1911;10 (Gare d'Austerlitz/Boulogne - Pont de Saint Cloud);metro
2019;10 (Gare d'Austerlitz/Boulogne - Pont de Saint Cloud);metro
1643;10 (Gare d'Austerlitz/Boulogne - Pont de Saint Cloud);metro
1942;10 (Gare d'Austerlitz/Boulogne - Pont de Saint Cloud);metro
54244;10 (Gare d'Austerlitz/Boulogne - Pont de Saint Cloud);metro
1836;10 (Gare d'Austerlitz/Boulogne - Pont de Saint Cloud);metro
1994;10 (Gare d'Austerlitz/Boulogne - Pont de Saint Cloud);metro
1812;10 (Gare d'Austerlitz/Boulogne - Pont de Saint Cloud);metro
1950;10 (Gare d'Austerlitz/Boulogne - Pont de Saint Cloud);metro
1717;10 (Gare d'Austerlitz/Boulogne - Pont de Saint Cloud);metro
1834;10 (Gare d'Austerlitz/Boulogne - Pont de Saint Cloud);metro
1631;10 (Gare d'Austerlitz/Boulogne - Pont de Saint Cloud);metro
1837;10 (Gare d'Austerlitz/Boulogne - Pont de Saint Cloud);metro
1746;10 (Gare d'Austerlitz/Boulogne - Pont de Saint Cloud);metro
1952;10 (Gare d'Austerlitz/Boulogne - Pont de Saint Cloud);metro
1679;11 (Chƒtelet/Mairie des Lilas);metro
55329;11 (Chƒtelet/Mairie des Lilas);metro
1964;11 (Chƒtelet/Mairie des Lilas);metro
1855;11 (Chƒtelet/Mairie des Lilas);metro
1745;11 (Chƒtelet/Mairie des Lilas);metro
1819;11 (Chƒtelet/Mairie des Lilas);metro
1792;11 (Chƒtelet/Mairie des Lilas);metro
1988;11 (Chƒtelet/Mairie des Lilas);metro
1849;11 (Chƒtelet/Mairie des Lilas);metro
1736;11 (Chƒtelet/Mairie des Lilas);metro
55330;11 (Chƒtelet/Mairie des Lilas);metro
2004;11 (Chƒtelet/Mairie des Lilas);metro
1864;11 (Chƒtelet/Mairie des Lilas);metro
1781;12 (Front Populaire/Mairie d'Issy);metro
1732;12 (Front Populaire/Mairie d'Issy);metro
1661;12 (Front Populaire/Mairie d'Issy);metro
1989;12 (Front Populaire/Mairie d'Issy);metro
1918;12 (Front Populaire/Mairie d'Issy);metro
1689;12 (Front Populaire/Mairie d'Issy);metro
1828;12 (Front Populaire/Mairie d'Issy);metro
1638;12 (Front Populaire/Mairie d'Issy);metro
1632;12 (Front Populaire/Mairie d'Issy);metro
1814;12 (Front Populaire/Mairie d'Issy);metro
1622;12 (Front Populaire/Mairie d'Issy);metro
1734;12 (Front Populaire/Mairie d'Issy);metro
1975;12 (Front Populaire/Mairie d'Issy);metro
1656;12 (Front Populaire/Mairie d'Issy);metro
1767;12 (Front Populaire/Mairie d'Issy);metro
1751;12 (Front Populaire/Mairie d'Issy);metro
1865;12 (Front Populaire/Mairie d'Issy);metro
1831;12 (Front Populaire/Mairie d'Issy);metro
1787;12 (Front Populaire/Mairie d'Issy);metro
1645;12 (Front Populaire/Mairie d'Issy);metro
1674;12 (Front Populaire/Mairie d'Issy);metro
1686;12 (Front Populaire/Mairie d'Issy);metro
1813;12 (Front Populaire/Mairie d'Issy);metro
1879;12 (Front Populaire/Mairie d'Issy);metro
1768;12 (Front Populaire/Mairie d'Issy);metro
454595;12 (Front Populaire/Mairie d'Issy);metro
1889;12 (Front Populaire/Mairie d'Issy);metro
1887;12 (Front Populaire/Mairie d'Issy);metro
1885;12 (Front Populaire/Mairie d'Issy);metro
1731;13 (Saint-Denis - Universite / Les Courtilles (Asnieres - Gennevilliers)/Chƒtillon - Montrouge);metro
1790;13 (Saint-Denis - Universite / Les Courtilles (Asnieres - Gennevilliers)/Chƒtillon - Montrouge);metro
1818;13 (Saint-Denis - Universite / Les Courtilles (Asnieres - Gennevilliers)/Chƒtillon - Montrouge);metro
22439;13 (Saint-Denis - Universite / Les Courtilles (Asnieres - Gennevilliers)/Chƒtillon - Montrouge);metro
228266;13 (Saint-Denis - Universite / Les Courtilles (Asnieres - Gennevilliers)/Chƒtillon - Montrouge);metro
1927;13 (Saint-Denis - Universite / Les Courtilles (Asnieres - Gennevilliers)/Chƒtillon - Montrouge);metro
22443;13 (Saint-Denis - Universite / Les Courtilles (Asnieres - Gennevilliers)/Chƒtillon - Montrouge);metro
1857;13 (Saint-Denis - Universite / Les Courtilles (Asnieres - Gennevilliers)/Chƒtillon - Montrouge);metro
1783;13 (Saint-Denis - Universite / Les Courtilles (Asnieres - Gennevilliers)/Chƒtillon - Montrouge);metro
50622;13 (Saint-Denis - Universite / Les Courtilles (Asnieres - Gennevilliers)/Chƒtillon - Montrouge);metro
1725;13 (Saint-Denis - Universite / Les Courtilles (Asnieres - Gennevilliers)/Chƒtillon - Montrouge);metro
1816;13 (Saint-Denis - Universite / Les Courtilles (Asnieres - Gennevilliers)/Chƒtillon - Montrouge);metro
1844;13 (Saint-Denis - Universite / Les Courtilles (Asnieres - Gennevilliers)/Chƒtillon - Montrouge);metro
22441;13 (Saint-Denis - Universite / Les Courtilles (Asnieres - Gennevilliers)/Chƒtillon - Montrouge);metro
1751;13 (Saint-Denis - Universite / Les Courtilles (Asnieres - Gennevilliers)/Chƒtillon - Montrouge);metro
1949;13 (Saint-Denis - Universite / Les Courtilles (Asnieres - Gennevilliers)/Chƒtillon - Montrouge);metro
50399;13 (Saint-Denis - Universite / Les Courtilles (Asnieres - Gennevilliers)/Chƒtillon - Montrouge);metro
225437;13 (Saint-Denis - Universite / Les Courtilles (Asnieres - Gennevilliers)/Chƒtillon - Montrouge);metro
1968;13 (Saint-Denis - Universite / Les Courtilles (Asnieres - Gennevilliers)/Chƒtillon - Montrouge);metro
1908;13 (Saint-Denis - Universite / Les Courtilles (Asnieres - Gennevilliers)/Chƒtillon - Montrouge);metro
1705;13 (Saint-Denis - Universite / Les Courtilles (Asnieres - Gennevilliers)/Chƒtillon - Montrouge);metro
1851;13 (Saint-Denis - Universite / Les Courtilles (Asnieres - Gennevilliers)/Chƒtillon - Montrouge);metro
1730;13 (Saint-Denis - Universite / Les Courtilles (Asnieres - Gennevilliers)/Chƒtillon - Montrouge);metro
1689;13 (Saint-Denis - Universite / Les Courtilles (Asnieres - Gennevilliers)/Chƒtillon - Montrouge);metro
1644;13 (Saint-Denis - Universite / Les Courtilles (Asnieres - Gennevilliers)/Chƒtillon - Montrouge);metro
1747;13 (Saint-Denis - Universite / Les Courtilles (Asnieres - Gennevilliers)/Chƒtillon - Montrouge);metro
1872;13 (Saint-Denis - Universite / Les Courtilles (Asnieres - Gennevilliers)/Chƒtillon - Montrouge);metro
1685;13 (Saint-Denis - Universite / Les Courtilles (Asnieres - Gennevilliers)/Chƒtillon - Montrouge);metro
22442;13 (Saint-Denis - Universite / Les Courtilles (Asnieres - Gennevilliers)/Chƒtillon - Montrouge);metro
1931;13 (Saint-Denis - Universite / Les Courtilles (Asnieres - Gennevilliers)/Chƒtillon - Montrouge);metro
1804;13 (Saint-Denis - Universite / Les Courtilles (Asnieres - Gennevilliers)/Chƒtillon - Montrouge);metro
225436;13 (Saint-Denis - Universite / Les Courtilles (Asnieres - Gennevilliers)/Chƒtillon - Montrouge);metro
171507;14 (Olympiades/Saint-Lazare);metro
2005;14 (Olympiades/Saint-Lazare);metro
51020;14 (Olympiades/Saint-Lazare);metro
1964;14 (Olympiades/Saint-Lazare);metro
1689;14 (Olympiades/Saint-Lazare);metro
1839;14 (Olympiades/Saint-Lazare);metro
50055;14 (Olympiades/Saint-Lazare);metro
50047;14 (Olympiades/Saint-Lazare);metro
1813;14 (Olympiades/Saint-Lazare);metro
1741;2 (Porte Dauphine (Mar‚chal de Lattre de Ta/Nation);metro
1714;2 (Porte Dauphine (Mar‚chal de Lattre de Ta/Nation);metro
1670;2 (Porte Dauphine (Mar‚chal de Lattre de Ta/Nation);metro
1749;2 (Porte Dauphine (Mar‚chal de Lattre de Ta/Nation);metro
1984;2 (Porte Dauphine (Mar‚chal de Lattre de Ta/Nation);metro
1790;2 (Porte Dauphine (Mar‚chal de Lattre de Ta/Nation);metro
1861;2 (Porte Dauphine (Mar‚chal de Lattre de Ta/Nation);metro
1635;2 (Porte Dauphine (Mar‚chal de Lattre de Ta/Nation);metro
1627;2 (Porte Dauphine (Mar‚chal de Lattre de Ta/Nation);metro
1999;2 (Porte Dauphine (Mar‚chal de Lattre de Ta/Nation);metro
1654;2 (Porte Dauphine (Mar‚chal de Lattre de Ta/Nation);metro
1892;2 (Porte Dauphine (Mar‚chal de Lattre de Ta/Nation);metro
1758;2 (Porte Dauphine (Mar‚chal de Lattre de Ta/Nation);metro
1972;2 (Porte Dauphine (Mar‚chal de Lattre de Ta/Nation);metro
1754;2 (Porte Dauphine (Mar‚chal de Lattre de Ta/Nation);metro
2004;2 (Porte Dauphine (Mar‚chal de Lattre de Ta/Nation);metro
2009;2 (Porte Dauphine (Mar‚chal de Lattre de Ta/Nation);metro
1784;2 (Porte Dauphine (Mar‚chal de Lattre de Ta/Nation);metro
1787;2 (Porte Dauphine (Mar‚chal de Lattre de Ta/Nation);metro
1648;2 (Porte Dauphine (Mar‚chal de Lattre de Ta/Nation);metro
1978;2 (Porte Dauphine (Mar‚chal de Lattre de Ta/Nation);metro
1868;2 (Porte Dauphine (Mar‚chal de Lattre de Ta/Nation);metro
1893;2 (Porte Dauphine (Mar‚chal de Lattre de Ta/Nation);metro
1995;2 (Porte Dauphine (Mar‚chal de Lattre de Ta/Nation);metro
1953;2 (Porte Dauphine (Mar‚chal de Lattre de Ta/Nation);metro
1852;3 (Pont de Levallois - B‚con/Gallieni (Parc de Bagnolet));metro
1988;3 (Pont de Levallois - B‚con/Gallieni (Parc de Bagnolet));metro
1708;3 (Pont de Levallois - B‚con/Gallieni (Parc de Bagnolet));metro
1928;3 (Pont de Levallois - B‚con/Gallieni (Parc de Bagnolet));metro
1779;3 (Pont de Levallois - B‚con/Gallieni (Parc de Bagnolet));metro
1722;3 (Pont de Levallois - B‚con/Gallieni (Parc de Bagnolet));metro
1740;3 (Pont de Levallois - B‚con/Gallieni (Parc de Bagnolet));metro
1744;3 (Pont de Levallois - B‚con/Gallieni (Parc de Bagnolet));metro
1693;3 (Pont de Levallois - B‚con/Gallieni (Parc de Bagnolet));metro
1658;3 (Pont de Levallois - B‚con/Gallieni (Parc de Bagnolet));metro
1826;3 (Pont de Levallois - B‚con/Gallieni (Parc de Bagnolet));metro
1915;3 (Pont de Levallois - B‚con/Gallieni (Parc de Bagnolet));metro
1634;3 (Pont de Levallois - B‚con/Gallieni (Parc de Bagnolet));metro
1807;3 (Pont de Levallois - B‚con/Gallieni (Parc de Bagnolet));metro
1676;3 (Pont de Levallois - B‚con/Gallieni (Parc de Bagnolet));metro
1654;3 (Pont de Levallois - B‚con/Gallieni (Parc de Bagnolet));metro
1689;3 (Pont de Levallois - B‚con/Gallieni (Parc de Bagnolet));metro
1721;3 (Pont de Levallois - B‚con/Gallieni (Parc de Bagnolet));metro
1929;3 (Pont de Levallois - B‚con/Gallieni (Parc de Bagnolet));metro
1982;3 (Pont de Levallois - B‚con/Gallieni (Parc de Bagnolet));metro
1679;3 (Pont de Levallois - B‚con/Gallieni (Parc de Bagnolet));metro
1741;3 (Pont de Levallois - B‚con/Gallieni (Parc de Bagnolet));metro
1771;3 (Pont de Levallois - B‚con/Gallieni (Parc de Bagnolet));metro
1702;3 (Pont de Levallois - B‚con/Gallieni (Parc de Bagnolet));metro
1930;3 (Pont de Levallois - B‚con/Gallieni (Parc de Bagnolet));metro
1684;3B (Gambetta/Porte des Lilas);metro
1736;3B (Gambetta/Porte des Lilas);metro
1929;3B (Gambetta/Porte des Lilas);metro
1782;3B (Gambetta/Porte des Lilas);metro
1676;4 (Mairie de Montrouge/Porte de Clignancourt);metro
1628;4 (Mairie de Montrouge/Porte de Clignancourt);metro
1969;4 (Mairie de Montrouge/Porte de Clignancourt);metro
1726;4 (Mairie de Montrouge/Porte de Clignancourt);metro
1828;4 (Mairie de Montrouge/Porte de Clignancourt);metro
1770;4 (Mairie de Montrouge/Porte de Clignancourt);metro
1694;4 (Mairie de Montrouge/Porte de Clignancourt);metro
1964;4 (Mairie de Montrouge/Porte de Clignancourt);metro
1914;4 (Mairie de Montrouge/Porte de Clignancourt);metro
466736;4 (Mairie de Montrouge/Porte de Clignancourt);metro
1753;4 (Mairie de Montrouge/Porte de Clignancourt);metro
1697;4 (Mairie de Montrouge/Porte de Clignancourt);metro
1660;4 (Mairie de Montrouge/Porte de Clignancourt);metro
1698;4 (Mairie de Montrouge/Porte de Clignancourt);metro
1646;4 (Mairie de Montrouge/Porte de Clignancourt);metro
1720;4 (Mairie de Montrouge/Porte de Clignancourt);metro
1801;4 (Mairie de Montrouge/Porte de Clignancourt);metro
1621;4 (Mairie de Montrouge/Porte de Clignancourt);metro
1999;4 (Mairie de Montrouge/Porte de Clignancourt);metro
1981;4 (Mairie de Montrouge/Porte de Clignancourt);metro
1687;4 (Mairie de Montrouge/Porte de Clignancourt);metro
1841;4 (Mairie de Montrouge/Porte de Clignancourt);metro
1902;4 (Mairie de Montrouge/Porte de Clignancourt);metro
1961;4 (Mairie de Montrouge/Porte de Clignancourt);metro
1751;4 (Mairie de Montrouge/Porte de Clignancourt);metro
1960;4 (Mairie de Montrouge/Porte de Clignancourt);metro
1842;4 (Mairie de Montrouge/Porte de Clignancourt);metro
2011;5 (Place d'Italie/Bobigny - Pablo Picasso);metro
1861;5 (Place d'Italie/Bobigny - Pablo Picasso);metro
1933;5 (Place d'Italie/Bobigny - Pablo Picasso);metro
1664;5 (Place d'Italie/Bobigny - Pablo Picasso);metro
1842;5 (Place d'Italie/Bobigny - Pablo Picasso);metro
1769;5 (Place d'Italie/Bobigny - Pablo Picasso);metro
1853;5 (Place d'Italie/Bobigny - Pablo Picasso);metro
1941;5 (Place d'Italie/Bobigny - Pablo Picasso);metro
1838;5 (Place d'Italie/Bobigny - Pablo Picasso);metro
1728;5 (Place d'Italie/Bobigny - Pablo Picasso);metro
1912;5 (Place d'Italie/Bobigny - Pablo Picasso);metro
1773;5 (Place d'Italie/Bobigny - Pablo Picasso);metro
1841;5 (Place d'Italie/Bobigny - Pablo Picasso);metro
1679;5 (Place d'Italie/Bobigny - Pablo Picasso);metro
1789;5 (Place d'Italie/Bobigny - Pablo Picasso);metro
1627;5 (Place d'Italie/Bobigny - Pablo Picasso);metro
1859;5 (Place d'Italie/Bobigny - Pablo Picasso);metro
1743;5 (Place d'Italie/Bobigny - Pablo Picasso);metro
1691;5 (Place d'Italie/Bobigny - Pablo Picasso);metro
1882;5 (Place d'Italie/Bobigny - Pablo Picasso);metro
2010;5 (Place d'Italie/Bobigny - Pablo Picasso);metro
2000;5 (Place d'Italie/Bobigny - Pablo Picasso);metro
1890;6 (Charles de Gaulle - Etoile/Nation);metro
1953;6 (Charles de Gaulle - Etoile/Nation);metro
1751;6 (Charles de Gaulle - Etoile/Nation);metro
1907;6 (Charles de Gaulle - Etoile/Nation);metro
1781;6 (Charles de Gaulle - Etoile/Nation);metro
1910;6 (Charles de Gaulle - Etoile/Nation);metro
1785;6 (Charles de Gaulle - Etoile/Nation);metro
1789;6 (Charles de Gaulle - Etoile/Nation);metro
1660;6 (Charles de Gaulle - Etoile/Nation);metro
1780;6 (Charles de Gaulle - Etoile/Nation);metro
1874;6 (Charles de Gaulle - Etoile/Nation);metro
1906;6 (Charles de Gaulle - Etoile/Nation);metro
2003;6 (Charles de Gaulle - Etoile/Nation);metro
1633;6 (Charles de Gaulle - Etoile/Nation);metro
2005;6 (Charles de Gaulle - Etoile/Nation);metro
1688;6 (Charles de Gaulle - Etoile/Nation);metro
1940;6 (Charles de Gaulle - Etoile/Nation);metro
1758;6 (Charles de Gaulle - Etoile/Nation);metro
1902;6 (Charles de Gaulle - Etoile/Nation);metro
1761;6 (Charles de Gaulle - Etoile/Nation);metro
2007;6 (Charles de Gaulle - Etoile/Nation);metro
1639;6 (Charles de Gaulle - Etoile/Nation);metro
1959;6 (Charles de Gaulle - Etoile/Nation);metro
1901;6 (Charles de Gaulle - Etoile/Nation);metro
1742;6 (Charles de Gaulle - Etoile/Nation);metro
2012;6 (Charles de Gaulle - Etoile/Nation);metro
1867;6 (Charles de Gaulle - Etoile/Nation);metro
1848;6 (Charles de Gaulle - Etoile/Nation);metro
1719;7 (Villejuif - Louis Aragon / Mairie d'Ivry/La Courneuve - 8 mai 1945);metro
1866;7 (Villejuif - Louis Aragon / Mairie d'Ivry/La Courneuve - 8 mai 1945);metro
1815;7 (Villejuif - Louis Aragon / Mairie d'Ivry/La Courneuve - 8 mai 1945);metro
1649;7 (Villejuif - Louis Aragon / Mairie d'Ivry/La Courneuve - 8 mai 1945);metro
1735;7 (Villejuif - Louis Aragon / Mairie d'Ivry/La Courneuve - 8 mai 1945);metro
1636;7 (Villejuif - Louis Aragon / Mairie d'Ivry/La Courneuve - 8 mai 1945);metro
1795;7 (Villejuif - Louis Aragon / Mairie d'Ivry/La Courneuve - 8 mai 1945);metro
1964;7 (Villejuif - Louis Aragon / Mairie d'Ivry/La Courneuve - 8 mai 1945);metro
1957;7 (Villejuif - Louis Aragon / Mairie d'Ivry/La Courneuve - 8 mai 1945);metro
1820;7 (Villejuif - Louis Aragon / Mairie d'Ivry/La Courneuve - 8 mai 1945);metro
1771;7 (Villejuif - Louis Aragon / Mairie d'Ivry/La Courneuve - 8 mai 1945);metro
1711;7 (Villejuif - Louis Aragon / Mairie d'Ivry/La Courneuve - 8 mai 1945);metro
1841;7 (Villejuif - Louis Aragon / Mairie d'Ivry/La Courneuve - 8 mai 1945);metro
1963;7 (Villejuif - Louis Aragon / Mairie d'Ivry/La Courneuve - 8 mai 1945);metro
1869;7 (Villejuif - Louis Aragon / Mairie d'Ivry/La Courneuve - 8 mai 1945);metro
1774;7 (Villejuif - Louis Aragon / Mairie d'Ivry/La Courneuve - 8 mai 1945);metro
1706;7 (Villejuif - Louis Aragon / Mairie d'Ivry/La Courneuve - 8 mai 1945);metro
1793;7 (Villejuif - Louis Aragon / Mairie d'Ivry/La Courneuve - 8 mai 1945);metro
1651;7 (Villejuif - Louis Aragon / Mairie d'Ivry/La Courneuve - 8 mai 1945);metro
1630;7 (Villejuif - Louis Aragon / Mairie d'Ivry/La Courneuve - 8 mai 1945);metro
1718;7 (Villejuif - Louis Aragon / Mairie d'Ivry/La Courneuve - 8 mai 1945);metro
1789;7 (Villejuif - Louis Aragon / Mairie d'Ivry/La Courneuve - 8 mai 1945);metro
1992;7 (Villejuif - Louis Aragon / Mairie d'Ivry/La Courneuve - 8 mai 1945);metro
1650;7 (Villejuif - Louis Aragon / Mairie d'Ivry/La Courneuve - 8 mai 1945);metro
1738;7 (Villejuif - Louis Aragon / Mairie d'Ivry/La Courneuve - 8 mai 1945);metro
1923;7 (Villejuif - Louis Aragon / Mairie d'Ivry/La Courneuve - 8 mai 1945);metro
1786;7 (Villejuif - Louis Aragon / Mairie d'Ivry/La Courneuve - 8 mai 1945);metro
1888;7 (Villejuif - Louis Aragon / Mairie d'Ivry/La Courneuve - 8 mai 1945);metro
1724;7 (Villejuif - Louis Aragon / Mairie d'Ivry/La Courneuve - 8 mai 1945);metro
1666;7 (Villejuif - Louis Aragon / Mairie d'Ivry/La Courneuve - 8 mai 1945);metro
1894;7 (Villejuif - Louis Aragon / Mairie d'Ivry/La Courneuve - 8 mai 1945);metro
1800;7 (Villejuif - Louis Aragon / Mairie d'Ivry/La Courneuve - 8 mai 1945);metro
1627;7 (Villejuif - Louis Aragon / Mairie d'Ivry/La Courneuve - 8 mai 1945);metro
1788;7 (Villejuif - Louis Aragon / Mairie d'Ivry/La Courneuve - 8 mai 1945);metro
1939;7 (Villejuif - Louis Aragon / Mairie d'Ivry/La Courneuve - 8 mai 1945);metro
1944;7 (Villejuif - Louis Aragon / Mairie d'Ivry/La Courneuve - 8 mai 1945);metro
1806;7 (Villejuif - Louis Aragon / Mairie d'Ivry/La Courneuve - 8 mai 1945);metro
1712;7 (Villejuif - Louis Aragon / Mairie d'Ivry/La Courneuve - 8 mai 1945);metro
1792;7B (Louis Blanc/Pr‚-Saint-Gervais);metro
1861;7B (Louis Blanc/Pr‚-Saint-Gervais);metro
1806;7B (Louis Blanc/Pr‚-Saint-Gervais);metro
1737;7B (Louis Blanc/Pr‚-Saint-Gervais);metro
2016;7B (Louis Blanc/Pr‚-Saint-Gervais);metro
2014;7B (Louis Blanc/Pr‚-Saint-Gervais);metro
1936;7B (Louis Blanc/Pr‚-Saint-Gervais);metro
1900;7B (Louis Blanc/Pr‚-Saint-Gervais);metro
1899;8 (Pointe du Lac/Balard);metro
1874;8 (Pointe du Lac/Balard);metro
2017;8 (Pointe du Lac/Balard);metro
1665;8 (Pointe du Lac/Balard);metro
2015;8 (Pointe du Lac/Balard);metro
1958;8 (Pointe du Lac/Balard);metro
2000;8 (Pointe du Lac/Balard);metro
1803;8 (Pointe du Lac/Balard);metro
1662;8 (Pointe du Lac/Balard);metro
1925;8 (Pointe du Lac/Balard);metro
1750;8 (Pointe du Lac/Balard);metro
1771;8 (Pointe du Lac/Balard);metro
1699;8 (Pointe du Lac/Balard);metro
397629;8 (Pointe du Lac/Balard);metro
1997;8 (Pointe du Lac/Balard);metro
54166;8 (Pointe du Lac/Balard);metro
1723;8 (Pointe du Lac/Balard);metro
1835;8 (Pointe du Lac/Balard);metro
1628;8 (Pointe du Lac/Balard);metro
1813;8 (Pointe du Lac/Balard);metro
1909;8 (Pointe du Lac/Balard);metro
1919;8 (Pointe du Lac/Balard);metro
21582;8 (Pointe du Lac/Balard);metro
1897;8 (Pointe du Lac/Balard);metro
21583;8 (Pointe du Lac/Balard);metro
1973;8 (Pointe du Lac/Balard);metro
1808;8 (Pointe du Lac/Balard);metro
1857;8 (Pointe du Lac/Balard);metro
1679;8 (Pointe du Lac/Balard);metro
1671;8 (Pointe du Lac/Balard);metro
1901;8 (Pointe du Lac/Balard);metro
1715;8 (Pointe du Lac/Balard);metro
23674;8 (Pointe du Lac/Balard);metro
1885;8 (Pointe du Lac/Balard);metro
1798;8 (Pointe du Lac/Balard);metro
1917;8 (Pointe du Lac/Balard);metro
1951;8 (Pointe du Lac/Balard);metro
1898;8 (Pointe du Lac/Balard);metro
1957;9 (Mairie de Montreuil/Pont de SŠvres);metro
1876;9 (Mairie de Montreuil/Pont de SŠvres);metro
1817;9 (Mairie de Montreuil/Pont de SŠvres);metro
1665;9 (Mairie de Montreuil/Pont de SŠvres);metro
1896;9 (Mairie de Montreuil/Pont de SŠvres);metro
2006;9 (Mairie de Montreuil/Pont de SŠvres);metro
1955;9 (Mairie de Montreuil/Pont de SŠvres);metro
2015;9 (Mairie de Montreuil/Pont de SŠvres);metro
1829;9 (Mairie de Montreuil/Pont de SŠvres);metro
1852;9 (Mairie de Montreuil/Pont de SŠvres);metro
1836;9 (Mairie de Montreuil/Pont de SŠvres);metro
1680;9 (Mairie de Montreuil/Pont de SŠvres);metro
1729;9 (Mairie de Montreuil/Pont de SŠvres);metro
1681;9 (Mairie de Montreuil/Pont de SŠvres);metro
1628;9 (Mairie de Montreuil/Pont de SŠvres);metro
1860;9 (Mairie de Montreuil/Pont de SŠvres);metro
1657;9 (Mairie de Montreuil/Pont de SŠvres);metro
1679;9 (Mairie de Montreuil/Pont de SŠvres);metro
1672;9 (Mairie de Montreuil/Pont de SŠvres);metro
1727;9 (Mairie de Montreuil/Pont de SŠvres);metro
1924;9 (Mairie de Montreuil/Pont de SŠvres);metro
1769;9 (Mairie de Montreuil/Pont de SŠvres);metro
1858;9 (Mairie de Montreuil/Pont de SŠvres);metro
1916;9 (Mairie de Montreuil/Pont de SŠvres);metro
1639;9 (Mairie de Montreuil/Pont de SŠvres);metro
1837;9 (Mairie de Montreuil/Pont de SŠvres);metro
1747;9 (Mairie de Montreuil/Pont de SŠvres);metro
1696;9 (Mairie de Montreuil/Pont de SŠvres);metro
1659;9 (Mairie de Montreuil/Pont de SŠvres);metro
1671;9 (Mairie de Montreuil/Pont de SŠvres);metro
1710;9 (Mairie de Montreuil/Pont de SŠvres);metro
55372;9 (Mairie de Montreuil/Pont de SŠvres);metro
1673;9 (Mairie de Montreuil/Pont de SŠvres);metro
1937;9 (Mairie de Montreuil/Pont de SŠvres);metro
1980;9 (Mairie de Montreuil/Pont de SŠvres);metro
1667;9 (Mairie de Montreuil/Pont de SŠvres);metro
1758;9 (Mairie de Montreuil/Pont de SŠvres);metro
2022;FUN (Gare haute/Gare basse);metro
2021;FUN (Gare haute/Gare basse);metro
11039;ORV (Orly-Sud/Antony);metro
11038;ORV (Orly-Sud/Antony);metro
11037;ORV (Orly-Sud/Antony);metro
